{"cameraMode":{"drawMode":0,"name":"Shaded","section":"Shading Mode"},"sceneLighting":false,"audioPlay":false,"sceneViewState":{"showFog":false,"showMaterialUpdate":false,"showSkybox":false,"showFlares":false,"showImageEffects":false,"showParticleSystems":false},"in2DMode":false,"pivot":{"x":3.2743425369262697,"y":-0.027384519577026368,"z":-1.3098989725112916},"rotation":{"x":0.1501990556716919,"y":0.7178025245666504,"z":-0.16338136792182923,"w":0.6599003672599793},"size":13.22495174407959,"orthographic":false}