{"cameraMode":{"drawMode":0,"name":"Shaded","section":"Shading Mode"},"sceneLighting":false,"audioPlay":false,"sceneViewState":{"showFog":true,"showMaterialUpdate":false,"showSkybox":true,"showFlares":true,"showImageEffects":true,"showParticleSystems":true},"in2DMode":false,"pivot":{"x":0.12910503149032594,"y":-1.9705967903137208,"z":-13.801677703857422},"rotation":{"x":0.002684477949514985,"y":-0.9807024002075195,"z":0.1952371597290039,"w":0.012857476249337197},"size":15.226552963256836,"orthographic":false}