{"cameraMode":{"drawMode":0,"name":"Shaded","section":"Shading Mode"},"sceneLighting":false,"audioPlay":false,"sceneViewState":{"showFog":false,"showMaterialUpdate":false,"showSkybox":false,"showFlares":false,"showImageEffects":false,"showParticleSystems":false},"in2DMode":false,"pivot":{"x":10.473060607910157,"y":55.814292907714847,"z":-26.415748596191408},"rotation":{"x":0.02145242691040039,"y":-0.8876855373382568,"z":0.4580821692943573,"w":0.04157043620944023},"size":135.56683349609376,"orthographic":false}