{"cameraMode":{"drawMode":0,"name":"Shaded","section":"Shading Mode"},"sceneLighting":false,"audioPlay":false,"sceneViewState":{"showFog":false,"showMaterialUpdate":false,"showSkybox":false,"showFlares":false,"showImageEffects":false,"showParticleSystems":false},"in2DMode":false,"pivot":{"x":0.742551326751709,"y":1.6575000286102296,"z":80.55906677246094},"rotation":{"x":0.03688395023345947,"y":0.6328349113464356,"z":-0.166081503033638,"w":0.7553663849830627},"size":7.181490421295166,"orthographic":false}