{"cameraMode":{"drawMode":0,"name":"Shaded","section":"Shading Mode"},"sceneLighting":false,"audioPlay":false,"sceneViewState":{"showFog":true,"showMaterialUpdate":false,"showSkybox":true,"showFlares":true,"showImageEffects":true,"showParticleSystems":true},"in2DMode":false,"pivot":{"x":3.1475815773010256,"y":2.797105312347412,"z":2.842569589614868},"rotation":{"x":0.00506129115819931,"y":-0.9940272569656372,"z":0.050739068537950519,"w":0.09685274958610535},"size":6.49389123916626,"orthographic":false}