{"cameraMode":{"drawMode":0,"name":"Shaded","section":"Shading Mode"},"sceneLighting":false,"audioPlay":false,"sceneViewState":{"showFog":true,"showMaterialUpdate":false,"showSkybox":true,"showFlares":true,"showImageEffects":true,"showParticleSystems":true},"in2DMode":false,"pivot":{"x":4.608080863952637,"y":-2.4006452560424806,"z":-4.747342109680176},"rotation":{"x":0.010634015314280987,"y":-0.9854309558868408,"z":0.15650536119937898,"w":0.06623796373605728},"size":9.175689697265625,"orthographic":false}