{"cameraMode":{"drawMode":0,"name":"Shaded","section":"Shading Mode"},"sceneLighting":false,"audioPlay":false,"sceneViewState":{"showFog":false,"showMaterialUpdate":false,"showSkybox":false,"showFlares":false,"showImageEffects":false,"showParticleSystems":false},"in2DMode":false,"pivot":{"x":-62.653472900390628,"y":112.93463897705078,"z":-19.375391006469728},"rotation":{"x":0.2867189347743988,"y":0.6395567655563355,"z":-0.27941590547561648,"w":0.6562718749046326},"size":-5.12778377532959,"orthographic":false}