{"cameraMode":{"drawMode":0,"name":"Shaded","section":"Shading Mode"},"sceneLighting":false,"audioPlay":false,"sceneViewState":{"showFog":false,"showMaterialUpdate":false,"showSkybox":false,"showFlares":false,"showImageEffects":false,"showParticleSystems":false},"in2DMode":false,"pivot":{"x":2.369792938232422,"y":-11.802038192749024,"z":86.0872573852539},"rotation":{"x":0.2135596126317978,"y":0.5374261736869812,"z":-0.283515065908432,"w":0.764975905418396},"size":28.760133743286134,"orthographic":false}