{"cameraMode":{"drawMode":0,"name":"Shaded","section":"Shading Mode"},"sceneLighting":false,"audioPlay":false,"sceneViewState":{"showFog":false,"showMaterialUpdate":false,"showSkybox":false,"showFlares":false,"showImageEffects":false,"showParticleSystems":false},"in2DMode":false,"pivot":{"x":1.5426115989685059,"y":4.964146137237549,"z":83.86888885498047},"rotation":{"x":-0.10887149721384049,"y":0.959924042224884,"z":-0.25808241963386538,"w":-0.009289653040468693},"size":10.0,"orthographic":false}