{"cameraMode":{"drawMode":0,"name":"Shaded","section":"Shading Mode"},"sceneLighting":false,"audioPlay":false,"sceneViewState":{"showFog":false,"showMaterialUpdate":false,"showSkybox":false,"showFlares":false,"showImageEffects":false,"showParticleSystems":false},"in2DMode":false,"pivot":{"x":10.419181823730469,"y":-3.2990305423736574,"z":79.84801483154297},"rotation":{"x":0.058507174253463748,"y":0.7086397409439087,"z":-0.21439112722873689,"w":0.6696618795394898},"size":13.76717472076416,"orthographic":false}