{"cameraMode":{"drawMode":0,"name":"Shaded","section":"Shading Mode"},"sceneLighting":false,"audioPlay":false,"sceneViewState":{"showFog":false,"showMaterialUpdate":false,"showSkybox":false,"showFlares":false,"showImageEffects":false,"showParticleSystems":false},"in2DMode":false,"pivot":{"x":5.253231048583984,"y":-11.283121109008789,"z":79.66264343261719},"rotation":{"x":0.18693388998508454,"y":0.5961014032363892,"z":-0.29543593525886538,"w":0.7228001356124878},"size":28.760133743286134,"orthographic":false}